,knum,z_dim,Dsize,lr,train_loss,minimum_val_loss,number_of_model_parameters
0,"[512, 1024, 2048]",8,[],0.0001,0.005413747509010136,0.005547894164919853,47757321
1,"[512, 1024, 2048]",8,[],0.001,0.00544466357678175,0.005556722171604633,47757321
2,"[512, 1024, 2048]",16,[],0.0001,0.004380844242405146,0.004482347518205643,48281617
3,"[512, 1024, 2048]",16,[],0.001,0.004376352939289063,0.00448852451518178,48281617
4,"[512, 1024, 2048]",32,[],0.0001,0.0033899927511811256,0.0035210277419537306,49330209
5,"[512, 1024, 2048]",32,[],0.001,0.0034268390154466033,0.00353378732688725,49330209
6,"[512, 1024, 2048]",8,[16],0.0001,0.006671679380815476,0.006237684283405542,48281897
7,"[512, 1024, 2048]",8,[16],0.001,0.006683454033918679,0.0062817055732011795,48281897
8,"[512, 1024, 2048]",16,[16],0.0001,0.006589157914277166,0.0059621394611895084,48282161
9,"[512, 1024, 2048]",16,[16],0.001,0.006575527659151703,0.006031481083482504,48282161
10,"[512, 1024, 2048]",32,[16],0.0001,0.006570929661393166,0.005977976601570845,48282689
11,"[512, 1024, 2048]",32,[16],0.001,0.006779260642360896,0.006309102289378643,48282689
12,"[512, 1024, 2048]",8,[32],0.0001,0.006046597613021731,0.005862727295607328,49330761
13,"[512, 1024, 2048]",8,[32],0.001,0.010969662689603865,0.011328189633786678,49330761
14,"[512, 1024, 2048]",16,[32],0.0001,0.005710784171242267,0.00525857275351882,49331281
15,"[512, 1024, 2048]",16,[32],0.001,0.005765361187513918,0.005401611793786287,49331281
16,"[512, 1024, 2048]",32,[32],0.0001,0.0055345697910524905,0.005014715250581503,49332321
17,"[512, 1024, 2048]",32,[32],0.001,0.010875023202970624,0.01132915262132883,49332321
18,"[512, 1024, 2048]",8,[64],0.0001,0.0057617624988779426,0.0057136970572173595,51428489
19,"[512, 1024, 2048]",8,[64],0.001,0.005780420498922467,0.005726604722440243,51428489
20,"[512, 1024, 2048]",16,[64],0.0001,0.005051912798080593,0.004799775313585997,51429521
21,"[512, 1024, 2048]",16,[64],0.001,0.011010126443579793,0.011328794993460178,51429521
22,"[512, 1024, 2048]",32,[64],0.0001,0.004737460636533797,0.004323798697441816,51431585
23,"[512, 1024, 2048]",32,[64],0.001,0.004887400311417878,0.0044768755324184895,51431585
24,"[512, 1024, 2048]",8,[],0.0001,0.0054262770572677255,0.005547972396016121,47757321
25,"[512, 1024, 2048]",8,[],0.001,0.005425773444585502,0.005549364257603884,47757321
26,"[512, 1024, 2048]",16,[],0.0001,0.004357262165285647,0.004472312051802874,48281617
27,"[512, 1024, 2048]",16,[],0.001,0.004349054943304509,0.004484989680349827,48281617
28,"[512, 1024, 2048]",32,[],0.0001,0.003387325763469562,0.003520998638123274,49330209
29,"[512, 1024, 2048]",32,[],0.001,0.0034259998064953834,0.0035323472693562508,49330209
30,"[1024, 2048, 4096]",8,[],0.0001,0.006940957217011601,0.006223803851753473,189886473
31,"[1024, 2048, 4096]",8,[],0.001,0.005444782553240657,0.005565626546740532,189886473
32,"[1024, 2048, 4096]",16,[],0.0001,0.004379913094453514,0.004478320479393005,190935057
33,"[1024, 2048, 4096]",16,[],0.001,0.004384768253657967,0.004484965465962887,190935057
34,"[1024, 2048, 4096]",32,[],0.0001,0.003392744722077623,0.0035293574910610914,193032225
35,"[1024, 2048, 4096]",32,[],0.001,0.00338406627997756,0.003518421668559313,193032225
36,"[4, 16]",8,[],0.0001,0.005729359283577651,0.0056417351588606834,18665
37,"[4, 16]",8,[],0.001,0.005736138497013599,0.005643410142511129,18665
38,"[4, 16]",16,[],0.0001,0.004780766321346164,0.004603104665875435,35057
39,"[4, 16]",16,[],0.001,0.004774647182784975,0.004598416853696108,35057
40,"[4, 16]",32,[],0.0001,0.003937175264582038,0.0036995336413383484,67841
41,"[4, 16]",32,[],0.001,0.003932812833227217,0.0036949135828763247,67841
42,"[4, 16]",8,[16],0.0001,0.006841502094175667,0.006329609081149101,35337
43,"[4, 16]",8,[16],0.001,0.006844734773039818,0.0063234916888177395,35337
44,"[4, 16]",16,[16],0.0001,0.00680459215072915,0.006203098688274622,35601
45,"[4, 16]",16,[16],0.001,0.006848573160823435,0.0062086498364806175,35601
46,"[4, 16]",32,[16],0.0001,0.0068966447724960744,0.006252229679375887,36129
47,"[4, 16]",32,[16],0.001,0.006822696886956692,0.006208004429936409,36129
48,"[4, 16]",8,[32],0.0001,0.006380274309776723,0.005919566377997398,68393
49,"[4, 16]",8,[32],0.001,0.006332903227303177,0.005904905032366514,68393
50,"[4, 16]",16,[32],0.0001,0.006010446697473526,0.005497189704328775,68913
51,"[4, 16]",16,[32],0.001,0.006010084063746035,0.005475134588778019,68913
52,"[4, 16]",32,[32],0.0001,0.006002317299135029,0.00540475407615304,69953
53,"[4, 16]",32,[32],0.001,0.006023897381965071,0.005495595280081034,69953
54,"[4, 16]",8,[64],0.0001,0.006022948364261538,0.00574781559407711,134505
55,"[4, 16]",8,[64],0.001,0.006046190857887268,0.005756079219281673,134505
56,"[4, 16]",16,[64],0.0001,0.005374167754780501,0.004880604799836874,135537
57,"[4, 16]",16,[64],0.001,0.005376265849918127,0.004870849661529064,135537
58,"[4, 16]",32,[64],0.0001,0.005249153007753193,0.00468929810449481,137601
59,"[4, 16]",32,[64],0.001,0.005280564771965146,0.004743658471852541,137601
60,"[4, 16]",8,"[64, 32]",0.0001,0.006679969548713416,0.00612625339999795,138153
61,"[4, 16]",8,"[64, 32]",0.001,0.006646172550972551,0.00610921299085021,138153
62,"[4, 16]",16,"[64, 32]",0.0001,0.006676863878965378,0.006122517865151167,138673
63,"[4, 16]",16,"[64, 32]",0.001,0.006657938938587904,0.0061154416762292385,138673
64,"[4, 16]",32,"[64, 32]",0.0001,0.006630546995438635,0.006120686884969473,139713
65,"[4, 16]",32,"[64, 32]",0.001,0.006635795813053846,0.006112614646553993,139713
66,"[4, 16]",8,"[32, 16]",0.0001,0.007863027160055935,0.007497144863009453,69193
67,"[4, 16]",8,"[32, 16]",0.001,0.00786023261025548,0.007486511487513781,69193
68,"[4, 16]",16,"[32, 16]",0.0001,0.007892917783465236,0.0074905590154230595,69457
69,"[4, 16]",16,"[32, 16]",0.001,0.007813709322363138,0.007464831694960594,69457
70,"[4, 16]",32,"[32, 16]",0.0001,0.007845222833566368,0.007491185795515776,69985
71,"[4, 16]",32,"[32, 16]",0.001,0.007833210751414299,0.007472424302250147,69985
72,"[32, 64]",8,[],0.0001,0.005448899231851101,0.005561205558478832,107209
73,"[32, 64]",8,[],0.001,0.0054692123667337,0.005560856778174639,107209
74,"[32, 64]",16,[],0.0001,0.004424638638738543,0.004490831401199102,172753
75,"[32, 64]",16,[],0.001,0.004418961820192635,0.004491700790822506,172753
76,"[32, 64]",32,[],0.0001,0.003462296328507364,0.003554456401616335,303841
77,"[32, 64]",32,[],0.001,0.0034694600326474756,0.0035537593066692352,303841
78,"[32, 64]",8,[16],0.0001,0.006647390313446522,0.0062648337334394455,173033
79,"[32, 64]",8,[16],0.001,0.006708210450597107,0.006264909170567989,173033
80,"[32, 64]",16,[16],0.0001,0.006625929847359657,0.006151191890239716,173297
81,"[32, 64]",16,[16],0.001,0.0065549784922041,0.00601885374635458,173297
82,"[32, 64]",32,[16],0.0001,0.006511222163680941,0.0060098255053162575,173825
83,"[32, 64]",32,[16],0.001,0.006506037316285074,0.0059870388358831406,173825
84,"[32, 64]",8,[32],0.0001,0.006073772965464741,0.005845167208462954,304393
85,"[32, 64]",8,[32],0.001,0.006066301022656262,0.005855164024978876,304393
86,"[32, 64]",16,[32],0.0001,0.005677488399669528,0.005261569283902645,304913
87,"[32, 64]",16,[32],0.001,0.005611998261883855,0.005182802677154541,304913
88,"[32, 64]",32,[32],0.0001,0.005561813421081752,0.005035168491303921,305953
89,"[32, 64]",32,[32],0.001,0.005528279056306928,0.0050154863856732845,305953
90,"[32, 64]",8,[64],0.0001,0.00578919897088781,0.005706295371055603,567113
91,"[32, 64]",8,[64],0.001,0.0057766675017774105,0.005707783158868551,567113
92,"[32, 64]",16,[64],0.0001,0.00505755195626989,0.004805014003068209,568145
93,"[32, 64]",16,[64],0.001,0.005052806402090937,0.004800294991582632,568145
94,"[32, 64]",32,[64],0.0001,0.004739785799756646,0.004361151717603207,570209
95,"[32, 64]",32,[64],0.001,0.004746702150441706,0.004380169324576855,570209
96,"[32, 64]",8,"[64, 32]",0.0001,0.006506972713395953,0.006062676198780537,570761
97,"[32, 64]",8,"[64, 32]",0.001,0.006440101366024464,0.006058975122869015,570761
98,"[32, 64]",16,"[64, 32]",0.0001,0.0063494539936073124,0.005897034425288439,571281
99,"[32, 64]",16,"[64, 32]",0.001,0.006340541527606547,0.005892823450267315,571281
100,"[32, 64]",32,"[64, 32]",0.0001,0.006325071677565575,0.005735883489251137,572321
101,"[32, 64]",32,"[64, 32]",0.001,0.0063427064451389015,0.0058969128876924515,572321
102,"[32, 64]",8,"[32, 16]",0.0001,0.007753822777885944,0.007442673202604055,305193
103,"[32, 64]",8,"[32, 16]",0.001,0.00736528605921194,0.006930424366146326,305193
104,"[32, 64]",16,"[32, 16]",0.0001,0.00706902053207159,0.006364150438457727,305457
105,"[32, 64]",16,"[32, 16]",0.001,0.007063287426717579,0.006362760439515114,305457
106,"[32, 64]",32,"[32, 16]",0.0001,0.00707829010207206,0.006370410323143005,305985
107,"[32, 64]",32,"[32, 16]",0.001,0.007068993698339909,0.006357820704579353,305985
108,"[64, 128]",8,[],0.0001,0.005426261457614601,0.005552909802645445,288137
109,"[64, 128]",8,[],0.001,0.005417020118329674,0.005555691197514534,288137
110,"[64, 128]",16,[],0.0001,0.004377419303636998,0.0044800532050430775,419217
111,"[64, 128]",16,[],0.001,0.004376725584734231,0.00448110094293952,419217
112,"[64, 128]",32,[],0.0001,0.0034071089467033744,0.003540544770658016,681377
113,"[64, 128]",32,[],0.001,0.0034049744135700166,0.003540187841281295,681377
114,"[64, 128]",8,[16],0.0001,0.006636316538788378,0.006238800473511219,419497
115,"[64, 128]",8,[16],0.001,0.006607158749829978,0.0061335028149187565,419497
116,"[64, 128]",16,[16],0.0001,0.006546345306560397,0.0061343759298324585,419761
117,"[64, 128]",16,[16],0.001,0.006604796973988414,0.00613173795863986,419761
118,"[64, 128]",32,[16],0.0001,0.006510117556899786,0.006006002891808748,420289
119,"[64, 128]",32,[16],0.001,0.006502027623355389,0.006002602633088827,420289
120,"[64, 128]",8,[32],0.0001,0.006045778573025018,0.0058548045344650745,681929
121,"[64, 128]",8,[32],0.001,0.006045193353202194,0.005848028231412172,681929
122,"[64, 128]",16,[32],0.0001,0.005647013837005943,0.005246397107839584,682449
123,"[64, 128]",16,[32],0.001,0.005625446094200015,0.005194127559661865,682449
124,"[64, 128]",32,[32],0.0001,0.005523560976143926,0.005029762163758278,683489
125,"[64, 128]",32,[32],0.001,0.005543508916161954,0.005050051026046276,683489
126,"[64, 128]",8,[64],0.0001,0.005746696086134762,0.005694362800568342,1206793
127,"[64, 128]",8,[64],0.001,0.005733791796956211,0.005702338647097349,1206793
128,"[64, 128]",16,[64],0.0001,0.005008305597584695,0.004787432961165905,1207825
129,"[64, 128]",16,[64],0.001,0.005023044999688864,0.004793204367160797,1207825
130,"[64, 128]",32,[64],0.0001,0.004674281983170658,0.004308233503252268,1209889
131,"[64, 128]",32,[64],0.001,0.0046831785584799945,0.004317294806241989,1209889
132,"[64, 128]",8,"[64, 32]",0.0001,0.0063980199047364295,0.006042250897735357,1210441
133,"[64, 128]",8,"[64, 32]",0.001,0.006415057985577732,0.006044651381671429,1210441
134,"[64, 128]",16,"[64, 32]",0.0001,0.006192161876242608,0.00564840342849493,1210961
135,"[64, 128]",16,"[64, 32]",0.001,0.006281166162807494,0.005727596115320921,1210961
136,"[64, 128]",32,"[64, 32]",0.0001,0.006295295374002308,0.00574518321081996,1212001
137,"[64, 128]",32,"[64, 32]",0.001,0.00623678439296782,0.005744417198002338,1212001
138,"[64, 128]",8,"[32, 16]",0.0001,0.007097902416717261,0.006373581010848284,682729
139,"[64, 128]",8,"[32, 16]",0.001,0.0070473991218023,0.0063573140650987625,682729
140,"[64, 128]",16,"[32, 16]",0.0001,0.0070531751262024045,0.006367467809468508,682993
141,"[64, 128]",16,"[32, 16]",0.001,0.007033785921521485,0.006341508124023676,682993
142,"[64, 128]",32,"[32, 16]",0.0001,0.007061459415126592,0.006355409976094961,683521
143,"[64, 128]",32,"[32, 16]",0.001,0.007048175495583564,0.006355784833431244,683521
144,"[128, 256]",8,[],0.0001,0.005416082916781306,0.005552561022341251,871177
145,"[128, 256]",8,[],0.001,0.005428653152193874,0.005551776383072138,871177
146,"[128, 256]",16,[],0.0001,0.00434837891953066,0.004475965164601803,1133329
147,"[128, 256]",16,[],0.001,0.004351311770733446,0.004477418027818203,1133329
148,"[128, 256]",32,[],0.0001,0.0033777804928831756,0.0035342846531420946,1657633
149,"[128, 256]",32,[],0.001,0.0033700405329000205,0.0035354529973119497,1657633
150,"[128, 256]",8,[16],0.0001,0.0066847288981080055,0.006132240407168865,1133609
151,"[128, 256]",8,[16],0.001,0.011014991556294262,0.011327543295919895,1133609
152,"[128, 256]",16,[16],0.0001,0.006522057519759983,0.005997393745929003,1133873
153,"[128, 256]",16,[16],0.001,0.01091919804457575,0.011328455060720444,1133873
154,"[128, 256]",32,[16],0.0001,0.006537556531839073,0.006003088317811489,1134401
155,"[128, 256]",32,[16],0.001,0.01096258347388357,0.011328072287142277,1134401
156,"[128, 256]",8,[32],0.0001,0.006096233264543116,0.00585361709818244,1658185
157,"[128, 256]",8,[32],0.001,0.006053067394532263,0.0058495039120316505,1658185
158,"[128, 256]",16,[32],0.0001,0.005609301500953734,0.005173157434910536,1658705
159,"[128, 256]",16,[32],0.001,0.00556035921908915,0.005144127178937197,1658705
160,"[128, 256]",32,[32],0.0001,0.005490852519869804,0.004948275163769722,1659745
161,"[128, 256]",32,[32],0.001,0.005475669167935848,0.00495019881054759,1659745
162,"[128, 256]",8,[64],0.0001,0.005762411514297128,0.005709541495889425,2707337
163,"[128, 256]",8,[64],0.001,0.0057542683207429945,0.005702233407646418,2707337
164,"[128, 256]",16,[64],0.0001,0.005071934428997338,0.004799239337444305,2708369
165,"[128, 256]",16,[64],0.001,0.005003793339710683,0.0047943065874278545,2708369
166,"[128, 256]",32,[64],0.0001,0.004719033720903099,0.004267004318535328,2710433
167,"[128, 256]",32,[64],0.001,0.004634547862224281,0.004252896178513765,2710433
168,"[128, 256]",8,"[64, 32]",0.0001,0.0063759913900867105,0.005885660648345947,2710985
169,"[128, 256]",8,"[64, 32]",0.001,0.00640883989399299,0.006032832432538271,2710985
170,"[128, 256]",16,"[64, 32]",0.0001,0.0063368199043907225,0.005721771623939276,2711505
171,"[128, 256]",16,"[64, 32]",0.001,0.006291168101597577,0.005887174047529697,2711505
172,"[128, 256]",32,"[64, 32]",0.0001,0.006220462848432362,0.005646198056638241,2712545
173,"[128, 256]",32,"[64, 32]",0.001,0.010912043740972877,0.011328594759106636,2712545
174,"[128, 256]",8,"[32, 16]",0.0001,0.007079908449668437,0.0063617718406021595,1658985
175,"[128, 256]",8,"[32, 16]",0.001,0.010901969275437295,0.011328636668622494,1658985
176,"[128, 256]",16,"[32, 16]",0.0001,0.007097754918504506,0.0063460348173975945,1659249
177,"[128, 256]",16,"[32, 16]",0.001,0.010930923745036125,0.011328560300171375,1659249
178,"[128, 256]",32,"[32, 16]",0.0001,0.007127279008273035,0.006350563373416662,1659777
179,"[128, 256]",32,"[32, 16]",0.001,0.01089063030667603,0.011328094638884068,1659777
180,"[256, 512]",8,[],0.0001,0.005409087869338691,0.005551119334995747,2921993
181,"[256, 512]",8,[],0.001,0.005396149004809558,0.005549836438149214,2921993
182,"[256, 512]",16,[],0.0001,0.004343611071817577,0.004476434551179409,3446289
183,"[256, 512]",16,[],0.001,0.004341987834777683,0.004476582631468773,3446289
184,"[256, 512]",32,[],0.0001,0.0033615895081311464,0.003532266244292259,4494881
185,"[256, 512]",32,[],0.001,0.003359979746164754,0.0035327321384102106,4494881
186,"[256, 512]",8,[16],0.0001,0.006523134070448577,0.006101564504206181,3446569
187,"[256, 512]",8,[16],0.001,0.006614659680053592,0.006254743784666061,3446569
188,"[256, 512]",16,[16],0.0001,0.006493488501291722,0.00596441887319088,3446833
189,"[256, 512]",16,[16],0.001,0.0064722574898041785,0.005931181367486715,3446833
190,"[256, 512]",32,[16],0.0001,0.0064782307599671185,0.005976993590593338,3447361
191,"[256, 512]",32,[16],0.001,0.006482160126324743,0.0059965536929667,3447361
192,"[256, 512]",8,[32],0.0001,0.006018754618708044,0.005846903193742037,4495433
193,"[256, 512]",8,[32],0.001,0.006034036574419588,0.0058381566777825356,4495433
194,"[256, 512]",16,[32],0.0001,0.005624523852020502,0.00525342533364892,4495953
195,"[256, 512]",16,[32],0.001,0.0055229487479664385,0.005091091617941856,4495953
196,"[256, 512]",32,[32],0.0001,0.005521802930161357,0.005026564467698336,4496993
197,"[256, 512]",32,[32],0.001,0.0055118672898970544,0.0050513967871665955,4496993
198,"[256, 512]",8,[64],0.0001,0.005722864007111639,0.005707249976694584,6593161
199,"[256, 512]",8,[64],0.001,0.005751145945396274,0.00571327144280076,6593161
200,"[256, 512]",16,[64],0.0001,0.005022146971896291,0.004801565315574408,6594193
201,"[256, 512]",16,[64],0.001,0.005001262994483113,0.004795033484697342,6594193
202,"[256, 512]",32,[64],0.0001,0.004632642492651939,0.004270876292139292,6596257
203,"[256, 512]",32,[64],0.001,0.0046506181242875755,0.004293692298233509,6596257
204,"[256, 512]",8,"[64, 32]",0.0001,0.006307029339950532,0.005889699794352055,6596809
205,"[256, 512]",8,"[64, 32]",0.001,0.010878707631491125,0.011328738182783127,6596809
206,"[256, 512]",16,"[64, 32]",0.0001,0.00622028874931857,0.005647269077599049,6597329
207,"[256, 512]",16,"[64, 32]",0.001,0.006260633352212608,0.005723231937736273,6597329
208,"[256, 512]",32,"[64, 32]",0.0001,0.006215955188963562,0.005725519731640816,6598369
209,"[256, 512]",32,"[64, 32]",0.001,0.006438629177864641,0.0060393246822059155,6598369
210,"[256, 512]",8,"[32, 16]",0.0001,0.007346093829255551,0.00692018074914813,4496233
211,"[256, 512]",8,"[32, 16]",0.001,0.010865705669857562,0.011328660883009434,4496233
212,"[256, 512]",16,"[32, 16]",0.0001,0.007052006490994245,0.006357151083648205,4496497
213,"[256, 512]",16,"[32, 16]",0.001,0.010880414978601038,0.01132865622639656,4496497
214,"[256, 512]",32,"[32, 16]",0.0001,0.007048411236610264,0.006363837514072657,4497025
215,"[256, 512]",32,"[32, 16]",0.001,0.010873478604480624,0.011328802444040775,4497025
216,"[2, 4, 8]",8,[],0.0001,0.0064142217161133885,0.005896855611354113,2961
217,"[2, 4, 8]",8,[],0.001,0.006428958964534104,0.0058824969455599785,2961
218,"[2, 4, 8]",16,[],0.0001,0.0057440633536316454,0.005002125166356564,5017
219,"[2, 4, 8]",16,[],0.001,0.005750096985138953,0.005006241612136364,5017
220,"[2, 4, 8]",32,[],0.0001,0.005326120357494801,0.004389891400933266,9129
221,"[2, 4, 8]",32,[],0.001,0.005347989150322974,0.004371534567326307,9129
222,"[2, 4, 8]",8,[16],0.0001,0.007675824803300202,0.007090023253113031,5297
223,"[2, 4, 8]",8,[16],0.001,0.00741101719904691,0.006555122323334217,5297
224,"[2, 4, 8]",16,[16],0.0001,0.0073748427093960345,0.006544572301208973,5561
225,"[2, 4, 8]",16,[16],0.001,0.007379977381788194,0.006515343673527241,5561
226,"[2, 4, 8]",32,[16],0.0001,0.00771444576093927,0.007094623986631632,6089
227,"[2, 4, 8]",32,[16],0.001,0.007355229288805276,0.0065422444604337215,6089
228,"[2, 4, 8]",8,[32],0.0001,0.006974336982239038,0.006266714073717594,9681
229,"[2, 4, 8]",8,[32],0.001,0.006998504512012005,0.006254682317376137,9681
230,"[2, 4, 8]",16,[32],0.0001,0.006991526752244681,0.006260002497583628,10201
231,"[2, 4, 8]",16,[32],0.001,0.006996077951043844,0.006247642915695906,10201
232,"[2, 4, 8]",32,[32],0.0001,0.006984172272495925,0.006258770823478699,11241
233,"[2, 4, 8]",32,[32],0.001,0.006958659156225622,0.00625243503600359,11241
234,"[2, 4, 8]",8,[64],0.0001,0.006763304874766618,0.006116731557995081,18449
235,"[2, 4, 8]",8,[64],0.001,0.006676828721538186,0.005924797151237726,18449
236,"[2, 4, 8]",16,[64],0.0001,0.006794707442168146,0.006120669189840555,19481
237,"[2, 4, 8]",16,[64],0.001,0.006823029601946473,0.006116018630564213,19481
238,"[2, 4, 8]",32,[64],0.0001,0.006777611968573183,0.006118942517787218,21545
239,"[2, 4, 8]",32,[64],0.001,0.006773267523385584,0.006108881440013647,21545
240,"[2, 4, 8]",8,"[64, 32]",0.0001,0.009871902293525636,0.010140066966414452,22097
241,"[2, 4, 8]",8,"[64, 32]",0.001,0.009877637727186084,0.010132567025721073,22097
242,"[2, 4, 8]",16,"[64, 32]",0.0001,0.009882812388241291,0.010139661841094494,22617
243,"[2, 4, 8]",16,"[64, 32]",0.001,0.009880830766633153,0.010135887190699577,22617
244,"[2, 4, 8]",32,"[64, 32]",0.0001,0.00986118265427649,0.01014062762260437,23657
245,"[2, 4, 8]",32,"[64, 32]",0.001,0.009867032640613616,0.010129046626389027,23657
246,"[2, 4, 8]",8,"[32, 16]",0.0001,0.009894735761918128,0.010149355046451092,10481
247,"[2, 4, 8]",8,"[32, 16]",0.001,0.009912051493301988,0.01014452800154686,10481
248,"[2, 4, 8]",16,"[32, 16]",0.0001,0.009907551226206124,0.010150290094316006,10745
249,"[2, 4, 8]",16,"[32, 16]",0.001,0.00937719689682126,0.00944516435265541,10745
250,"[2, 4, 8]",32,"[32, 16]",0.0001,0.00989331875462085,0.010150440968573093,11273
251,"[2, 4, 8]",32,"[32, 16]",0.001,0.0098953164415434,0.010140268132090569,11273
252,"[3, 9, 27]",8,[],0.0001,0.0059658027603290975,0.005677234381437302,12318
253,"[3, 9, 27]",8,[],0.001,0.005965945834759623,0.005678191315382719,12318
254,"[3, 9, 27]",16,[],0.0001,0.005111424834467471,0.004671295639127493,19238
255,"[3, 9, 27]",16,[],0.001,0.005128292657900602,0.0046709137968719006,19238
256,"[3, 9, 27]",32,[],0.0001,0.00444455404067412,0.0038263883907347918,33078
257,"[3, 9, 27]",32,[],0.001,0.004420341632794589,0.0038278286810964346,33078
258,"[3, 9, 27]",8,[16],0.0001,0.007392664439976215,0.0069731189869344234,19518
259,"[3, 9, 27]",8,[16],0.001,0.0070269115385599434,0.006370299030095339,19518
260,"[3, 9, 27]",16,[16],0.0001,0.007051626860629767,0.006360875908285379,19782
261,"[3, 9, 27]",16,[16],0.001,0.006974118645302951,0.006278270855545998,19782
262,"[3, 9, 27]",32,[16],0.0001,0.0070379594108089805,0.0063727665692567825,20310
263,"[3, 9, 27]",32,[16],0.001,0.0070212402497418225,0.0063803791999816895,20310
264,"[3, 9, 27]",8,[32],0.0001,0.006499538605567068,0.005941548850387335,33630
265,"[3, 9, 27]",8,[32],0.001,0.006515232322271913,0.005952163133770227,33630
266,"[3, 9, 27]",16,[32],0.0001,0.006369034817907959,0.005710889585316181,34150
267,"[3, 9, 27]",16,[32],0.001,0.0063788219122216105,0.005722786299884319,34150
268,"[3, 9, 27]",32,[32],0.0001,0.006318102183286101,0.005633920896798372,35190
269,"[3, 9, 27]",32,[32],0.001,0.006437732488848269,0.005817982368171215,35190
270,"[3, 9, 27]",8,[64],0.0001,0.006252190156374127,0.0057977535761892796,61854
271,"[3, 9, 27]",8,[64],0.001,0.006244641845114529,0.005797745194286108,61854
272,"[3, 9, 27]",16,[64],0.0001,0.005765251233242452,0.005132921040058136,62886
273,"[3, 9, 27]",16,[64],0.001,0.005923546326812357,0.00532562006264925,62886
274,"[3, 9, 27]",32,[64],0.0001,0.005827847984619439,0.005232776049524546,64950
275,"[3, 9, 27]",32,[64],0.001,0.006004132330417633,0.005406223703175783,64950
276,"[3, 9, 27]",8,"[64, 32]",0.0001,0.007660148141440004,0.007361261174082756,65502
277,"[3, 9, 27]",8,"[64, 32]",0.001,0.008128496003337204,0.008025743067264557,65502
278,"[3, 9, 27]",16,"[64, 32]",0.0001,0.007641084666829556,0.0073557207360863686,66022
279,"[3, 9, 27]",16,"[64, 32]",0.001,0.008652714430354536,0.00864718109369278,66022
280,"[3, 9, 27]",32,"[64, 32]",0.0001,0.008124970190692693,0.008024859242141247,67062
281,"[3, 9, 27]",32,"[64, 32]",0.001,0.008631690870970488,0.008654975332319736,67062
282,"[3, 9, 27]",8,"[32, 16]",0.0001,0.008793509099632502,0.008726311847567558,34430
283,"[3, 9, 27]",8,"[32, 16]",0.001,0.008343353401869535,0.008124209009110928,34430
284,"[3, 9, 27]",16,"[32, 16]",0.0001,0.008379552280530334,0.008137955330312252,34694
285,"[3, 9, 27]",16,"[32, 16]",0.001,0.008353192708455026,0.00811864621937275,34694
286,"[3, 9, 27]",32,"[32, 16]",0.0001,0.008355998317711055,0.008138737641274929,35222
287,"[3, 9, 27]",32,"[32, 16]",0.001,0.008351926691830158,0.008122812956571579,35222
288,"[256, 512, 1024]",8,[],0.0001,0.005440980370622128,0.00554831326007843,12082185
289,"[256, 512, 1024]",8,[],0.001,0.005430391349364072,0.0055558630265295506,12082185
290,"[256, 512, 1024]",16,[],0.0001,0.0043637583730742335,0.004471566993743181,12344337
291,"[256, 512, 1024]",16,[],0.001,0.0043945988290943205,0.0044935219921171665,12344337
292,"[256, 512, 1024]",32,[],0.0001,0.0034021952014882118,0.0035229704808443785,12868641
293,"[256, 512, 1024]",32,[],0.001,0.0034334258816670626,0.003546130610629916,12868641
294,"[256, 512, 1024]",8,[16],0.0001,0.006662242638412863,0.006212223786860704,12344617
295,"[256, 512, 1024]",8,[16],0.001,0.00662919256137684,0.0062468647956848145,12344617
296,"[256, 512, 1024]",16,[16],0.0001,0.006921207590494305,0.006150732282549143,12344881
297,"[256, 512, 1024]",16,[16],0.001,0.006567372125573456,0.006143403239548206,12344881
298,"[256, 512, 1024]",32,[16],0.0001,0.006860644731204957,0.006029162555932999,12345409
299,"[256, 512, 1024]",32,[16],0.001,0.010892220074310899,0.01132904551923275,12345409
300,"[256, 512, 1024]",8,[32],0.0001,0.006094847456552088,0.005867131520062685,12869193
301,"[256, 512, 1024]",8,[32],0.001,0.006079610320739448,0.005856173578649759,12869193
302,"[256, 512, 1024]",16,[32],0.0001,0.005775037279818207,0.005254553165286779,12869713
303,"[256, 512, 1024]",16,[32],0.001,0.005677650740835816,0.005279963370412588,12869713
304,"[256, 512, 1024]",32,[32],0.0001,0.005643156007863581,0.005021651275455952,12870753
305,"[256, 512, 1024]",32,[32],0.001,0.005590093671344221,0.005082504823803902,12870753
306,"[256, 512, 1024]",8,[64],0.0001,0.005758254730608314,0.005706142168492079,13918345
307,"[256, 512, 1024]",8,[64],0.001,0.005734235397540033,0.0057050203904509544,13918345
308,"[256, 512, 1024]",16,[64],0.0001,0.005074222688563168,0.004804661963135004,13919377
309,"[256, 512, 1024]",16,[64],0.001,0.005106354656163603,0.004857256077229977,13919377
310,"[256, 512, 1024]",32,[64],0.0001,0.004762043710798025,0.004347497131675482,13921441
311,"[256, 512, 1024]",32,[64],0.001,0.00471433176426217,0.004334911238402128,13921441
312,"[256, 512, 1024]",8,"[64, 32]",0.0001,0.0063640017760917544,0.005870588589459658,13921993
313,"[256, 512, 1024]",8,"[64, 32]",0.001,0.006440681638196111,0.00592656247317791,13921993
314,"[256, 512, 1024]",16,"[64, 32]",0.0001,0.006406461063306779,0.005728891119360924,13922513
315,"[256, 512, 1024]",16,"[64, 32]",0.001,0.006323703331872821,0.005775893572717905,13922513
316,"[256, 512, 1024]",32,"[64, 32]",0.0001,0.00636326934909448,0.005639747716486454,13923553
317,"[256, 512, 1024]",32,"[64, 32]",0.001,0.00633431610185653,0.0057551381178200245,13923553
318,"[256, 512, 1024]",8,"[32, 16]",0.0001,0.007265244727022946,0.006371972616761923,12869993
319,"[256, 512, 1024]",8,"[32, 16]",0.001,0.010912838508374989,0.011328671127557755,12869993
320,"[256, 512, 1024]",16,"[32, 16]",0.0001,0.007107860350515693,0.006361025385558605,12870257
321,"[256, 512, 1024]",16,"[32, 16]",0.001,0.0071030352264642715,0.006352739408612251,12870257
322,"[256, 512, 1024]",32,"[32, 16]",0.0001,0.0070861271233297884,0.006321360822767019,12870785
323,"[256, 512, 1024]",32,"[32, 16]",0.001,0.007093642081599683,0.006355680990964174,12870785
324,"[16, 32, 64]",8,[],0.0001,0.00556543905986473,0.005578802432864904,63945
325,"[16, 32, 64]",8,[],0.001,0.005574272014200687,0.005583270452916622,63945
326,"[16, 32, 64]",16,[],0.0001,0.004606104455888271,0.0045321001671254635,80337
327,"[16, 32, 64]",16,[],0.001,0.0045725766103714705,0.004522939212620258,80337
328,"[16, 32, 64]",32,[],0.0001,0.0037273894995450974,0.0036067028995603323,113121
329,"[16, 32, 64]",32,[],0.001,0.003724269161466509,0.0036034814547747374,113121
330,"[16, 32, 64]",8,[16],0.0001,0.006761887110769749,0.006294320337474346,80617
331,"[16, 32, 64]",8,[16],0.001,0.006789210194256157,0.006278474349528551,80617
332,"[16, 32, 64]",16,[16],0.0001,0.006730852008331567,0.0061285002157092094,80881
333,"[16, 32, 64]",16,[16],0.001,0.006751460488885641,0.0062871165573596954,80881
334,"[16, 32, 64]",32,[16],0.0001,0.006667703273706138,0.006160979624837637,81409
335,"[16, 32, 64]",32,[16],0.001,0.00675264629535377,0.006273515056818724,81409
336,"[16, 32, 64]",8,[32],0.0001,0.006150108354631811,0.005862260702997446,113673
337,"[16, 32, 64]",8,[32],0.001,0.006202182208653539,0.005883088335394859,113673
338,"[16, 32, 64]",16,[32],0.0001,0.0059015603619627655,0.005437486805021763,114193
339,"[16, 32, 64]",16,[32],0.001,0.0059445168590173125,0.005449446849524975,114193
340,"[16, 32, 64]",32,[32],0.0001,0.005813444789964706,0.005283831153064966,115233
341,"[16, 32, 64]",32,[32],0.001,0.005859477154444903,0.00537021504715085,115233
342,"[16, 32, 64]",8,[64],0.0001,0.005892220011446625,0.005720728076994419,179785
343,"[16, 32, 64]",8,[64],0.001,0.00588734878692776,0.005725525319576263,179785
344,"[16, 32, 64]",16,[64],0.0001,0.005224747525062412,0.004838283639401197,180817
345,"[16, 32, 64]",16,[64],0.001,0.005206736968830228,0.004834843799471855,180817
346,"[16, 32, 64]",32,[64],0.0001,0.005026528146117926,0.004533111583441496,182881
347,"[16, 32, 64]",32,[64],0.001,0.005028864776249975,0.004579328931868076,182881
348,"[16, 32, 64]",8,"[64, 32]",0.0001,0.006968145840801299,0.006731979548931122,183433
349,"[16, 32, 64]",8,"[64, 32]",0.001,0.010895229643210769,0.011329781264066696,183433
350,"[16, 32, 64]",16,"[64, 32]",0.0001,0.006543824973050505,0.006065261550247669,183953
351,"[16, 32, 64]",16,"[64, 32]",0.001,0.006506192788947374,0.006067654117941856,183953
352,"[16, 32, 64]",32,"[64, 32]",0.0001,0.0065409145900048316,0.006046384572982788,184993
353,"[16, 32, 64]",32,"[64, 32]",0.001,0.010891664191149175,0.011329892091453075,184993
354,"[16, 32, 64]",8,"[32, 16]",0.0001,0.007777190941851586,0.007437259890139103,114473
355,"[16, 32, 64]",8,"[32, 16]",0.001,0.010876061744056642,0.01132955402135849,114473
356,"[16, 32, 64]",16,"[32, 16]",0.0001,0.007794312899932265,0.007448415271937847,114737
357,"[16, 32, 64]",16,"[32, 16]",0.001,0.008672379539348185,0.008659974671900272,114737
358,"[16, 32, 64]",32,"[32, 16]",0.0001,0.010879709967412055,0.011329615488648415,115265
359,"[16, 32, 64]",32,"[32, 16]",0.001,0.01088435691781342,0.011329575441777706,115265
360,"[32, 64, 128]",8,[],0.0001,0.005496859841514379,0.005559752229601145,220041
361,"[32, 64, 128]",8,[],0.001,0.005497503560036421,0.0055584777146577835,220041
362,"[32, 64, 128]",16,[],0.0001,0.004474456480238587,0.00449356297031045,252817
363,"[32, 64, 128]",16,[],0.001,0.004468367842491716,0.004492868669331074,252817
364,"[32, 64, 128]",32,[],0.0001,0.0035611912608146667,0.0035590995103120804,318369
365,"[32, 64, 128]",32,[],0.001,0.003548162610968575,0.0035577118396759033,318369
366,"[32, 64, 128]",8,[16],0.0001,0.006667123408988118,0.006248548161238432,253097
367,"[32, 64, 128]",8,[16],0.001,0.00671884196344763,0.00627948809415102,253097
368,"[32, 64, 128]",16,[16],0.0001,0.00678930536378175,0.005996945779770613,253361
369,"[32, 64, 128]",16,[16],0.001,0.00668871687958017,0.006019855849444866,253361
370,"[32, 64, 128]",32,[16],0.0001,0.006600734661333263,0.006002274341881275,253889
371,"[32, 64, 128]",32,[16],0.001,0.006610972573980689,0.006002661306411028,253889
372,"[32, 64, 128]",8,[32],0.0001,0.006128835666459054,0.005861780606210232,318921
373,"[32, 64, 128]",8,[32],0.001,0.006094636977650225,0.0058512575924396515,318921
374,"[32, 64, 128]",16,[32],0.0001,0.00578107446199283,0.005190736148506403,319441
375,"[32, 64, 128]",16,[32],0.001,0.005660430353600532,0.005131603684276342,319441
376,"[32, 64, 128]",32,[32],0.0001,0.005706588039174676,0.005128779914230108,320481
377,"[32, 64, 128]",32,[32],0.001,0.0056604278506711125,0.005127138923853636,320481
378,"[32, 64, 128]",8,[64],0.0001,0.005844783328939229,0.005712151527404785,450569
379,"[32, 64, 128]",8,[64],0.001,0.005822648934554309,0.005717270076274872,450569
380,"[32, 64, 128]",16,[64],0.0001,0.0052758692181669176,0.004827599972486496,451601
381,"[32, 64, 128]",16,[64],0.001,0.005098339344840497,0.004806839395314455,451601
382,"[32, 64, 128]",32,[64],0.0001,0.004810440470464528,0.004388920962810516,453665
383,"[32, 64, 128]",32,[64],0.001,0.004853561520576477,0.004465296398848295,453665
384,"[32, 64, 128]",8,"[64, 32]",0.0001,0.006524206721223891,0.006055187433958054,454217
385,"[32, 64, 128]",8,"[64, 32]",0.001,0.00648909859592095,0.006061251740902662,454217
386,"[32, 64, 128]",16,"[64, 32]",0.0001,0.006407173641491681,0.005896428599953651,454737
387,"[32, 64, 128]",16,"[64, 32]",0.001,0.006396724900696427,0.005914931185543537,454737
388,"[32, 64, 128]",32,"[64, 32]",0.0001,0.00631305348360911,0.005739247426390648,455777
389,"[32, 64, 128]",32,"[64, 32]",0.001,0.006475417816545814,0.006059476174414158,455777
390,"[32, 64, 128]",8,"[32, 16]",0.0001,0.00752303609624505,0.006951386108994484,319721
391,"[32, 64, 128]",8,"[32, 16]",0.001,0.007666021527256817,0.006939433515071869,319721
392,"[32, 64, 128]",16,"[32, 16]",0.0001,0.007217892096377909,0.006337862461805344,319985
393,"[32, 64, 128]",16,"[32, 16]",0.001,0.007440236280672252,0.006932817865163088,319985
394,"[32, 64, 128]",32,"[32, 16]",0.0001,0.0073553030379116535,0.006361796520650387,320513
395,"[32, 64, 128]",32,"[32, 16]",0.001,0.0071174209006130695,0.006371576339006424,320513
396,"[64, 128, 256]",8,[],0.0001,0.005449309304822236,0.005552707705646753,808713
397,"[64, 128, 256]",8,[],0.001,0.005444196343887597,0.005551720969378948,808713
398,"[64, 128, 256]",16,[],0.0001,0.004424050159286708,0.00448053190484643,874257
399,"[64, 128, 256]",16,[],0.001,0.004437144612893462,0.0044816709123551846,874257
400,"[64, 128, 256]",32,[],0.0001,0.0034698833187576383,0.00353602203540504,1005345
401,"[64, 128, 256]",32,[],0.001,0.003493384283501655,0.0035463101230561733,1005345
402,"[64, 128, 256]",8,[16],0.0001,0.00666555849602446,0.00625853193923831,874537
403,"[64, 128, 256]",8,[16],0.001,0.006657877296674997,0.006260748021304607,874537
404,"[64, 128, 256]",16,[16],0.0001,0.006592842168174684,0.00612663384526968,874801
405,"[64, 128, 256]",16,[16],0.001,0.006598124862648547,0.006130346562713385,874801
406,"[64, 128, 256]",32,[16],0.0001,0.006532997125759721,0.005968684796243906,875329
407,"[64, 128, 256]",32,[16],0.001,0.006605106696952134,0.00615289993584156,875329
408,"[64, 128, 256]",8,[32],0.0001,0.0060815897304564714,0.005863030906766653,1005897
409,"[64, 128, 256]",8,[32],0.001,0.006081834668293595,0.005850833375006914,1005897
410,"[64, 128, 256]",16,[32],0.0001,0.005665334523655474,0.005265711806714535,1006417
411,"[64, 128, 256]",16,[32],0.001,0.005717618681956083,0.005320417694747448,1006417
412,"[64, 128, 256]",32,[32],0.0001,0.005554874835070223,0.0050346022471785545,1007457
413,"[64, 128, 256]",32,[32],0.001,0.0056472745491191745,0.00521748187020421,1007457
414,"[64, 128, 256]",8,[64],0.0001,0.005804356944281608,0.005714817438274622,1268617
415,"[64, 128, 256]",8,[64],0.001,0.005782943568192422,0.005707091651856899,1268617
416,"[64, 128, 256]",16,[64],0.0001,0.0050556601490825415,0.0047983392141759396,1269649
417,"[64, 128, 256]",16,[64],0.001,0.005059147020801902,0.004809310659766197,1269649
418,"[64, 128, 256]",32,[64],0.0001,0.0047680268180556595,0.004381981678307056,1271713
419,"[64, 128, 256]",32,[64],0.001,0.0048028427409008145,0.0044190539047122,1271713
420,"[64, 128, 256]",8,"[64, 32]",0.0001,0.006418521050363779,0.006049637217074633,1272265
421,"[64, 128, 256]",8,"[64, 32]",0.001,0.006489137071184814,0.006060042884200811,1272265
422,"[64, 128, 256]",16,"[64, 32]",0.0001,0.0064043866586871445,0.005892075598239899,1272785
423,"[64, 128, 256]",16,"[64, 32]",0.001,0.006257341417949647,0.005724894814193249,1272785
424,"[64, 128, 256]",32,"[64, 32]",0.0001,0.006340132444165647,0.005880693439394236,1273825
425,"[64, 128, 256]",32,"[64, 32]",0.001,0.006346669339109212,0.005880009848624468,1273825
426,"[64, 128, 256]",8,"[32, 16]",0.0001,0.007371734769549221,0.006938649341464043,1006697
427,"[64, 128, 256]",8,"[32, 16]",0.001,0.00742908613756299,0.006932955235242844,1006697
428,"[64, 128, 256]",16,"[32, 16]",0.0001,0.007373254164122045,0.006935900077223778,1006961
429,"[64, 128, 256]",16,"[32, 16]",0.001,0.007114414009265602,0.006368992384523153,1006961
430,"[64, 128, 256]",32,"[32, 16]",0.0001,0.007078369322698563,0.006331869401037693,1007489
431,"[64, 128, 256]",32,"[32, 16]",0.001,0.007123900519218296,0.00634014280512929,1007489
432,"[128, 256, 512]",8,[],0.0001,0.005422390589956194,0.005550751928240061,3091977
433,"[128, 256, 512]",8,[],0.001,0.005439825006760657,0.0055512660183012486,3091977
434,"[128, 256, 512]",16,[],0.0001,0.004378406156320125,0.004473195411264896,3223057
435,"[128, 256, 512]",16,[],0.001,0.004419474338646978,0.0044830599799752235,3223057
436,"[128, 256, 512]",32,[],0.0001,0.003426255250815302,0.0035266766790300608,3485217
437,"[128, 256, 512]",32,[],0.001,0.003427455434575677,0.0035271006636321545,3485217
438,"[128, 256, 512]",8,[16],0.0001,0.006651496747508645,0.006252890918403864,3223337
439,"[128, 256, 512]",8,[16],0.001,0.006675132899545133,0.006280655972659588,3223337
440,"[128, 256, 512]",16,[16],0.0001,0.006537330744322389,0.006010256242007017,3223601
441,"[128, 256, 512]",16,[16],0.001,0.010947987204417586,0.010888931341469288,3223601
442,"[128, 256, 512]",32,[16],0.0001,0.006509417202323675,0.005982750095427036,3224129
443,"[128, 256, 512]",32,[16],0.001,0.010893222293816507,0.011328843422234058,3224129
444,"[128, 256, 512]",8,[32],0.0001,0.006049913237802684,0.005844195373356342,3485769
445,"[128, 256, 512]",8,[32],0.001,0.006093738309573382,0.005874069407582283,3485769
446,"[128, 256, 512]",16,[32],0.0001,0.005705251882318407,0.005242263898253441,3486289
447,"[128, 256, 512]",16,[32],0.001,0.005641765659675002,0.005253789946436882,3486289
448,"[128, 256, 512]",32,[32],0.0001,0.005569214001297951,0.005038734059780836,3487329
449,"[128, 256, 512]",32,[32],0.001,0.005684638046659529,0.005136264022439718,3487329
450,"[128, 256, 512]",8,[64],0.0001,0.005750106007326394,0.005709723569452763,4010633
451,"[128, 256, 512]",8,[64],0.001,0.005813037685584277,0.005727818701416254,4010633
452,"[128, 256, 512]",16,[64],0.0001,0.005048029939644039,0.00480232248082757,4011665
453,"[128, 256, 512]",16,[64],0.001,0.0050351814716123044,0.004799169953912497,4011665
454,"[128, 256, 512]",32,[64],0.0001,0.0047356890281662345,0.004351336043328047,4013729
455,"[128, 256, 512]",32,[64],0.001,0.004681441816501319,0.0043310970067977905,4013729
456,"[128, 256, 512]",8,"[64, 32]",0.0001,0.006390138529241085,0.006042190361768007,4014281
457,"[128, 256, 512]",8,"[64, 32]",0.001,0.01088966615498066,0.011329038999974728,4014281
458,"[128, 256, 512]",16,"[64, 32]",0.0001,0.006274817802477628,0.005726851988583803,4014801
459,"[128, 256, 512]",16,"[64, 32]",0.001,0.006319503765553236,0.005865228828042746,4014801
460,"[128, 256, 512]",32,"[64, 32]",0.0001,0.006249972095247358,0.00572243332862854,4015841
461,"[128, 256, 512]",32,"[64, 32]",0.001,0.006343621644191444,0.005891317501664162,4015841
462,"[128, 256, 512]",8,"[32, 16]",0.0001,0.007382323150523007,0.006924271583557129,3486569
463,"[128, 256, 512]",8,"[32, 16]",0.001,0.010880185989663005,0.01132917869836092,3486569
464,"[128, 256, 512]",16,"[32, 16]",0.0001,0.007368015532847494,0.006930361967533827,3486833
465,"[128, 256, 512]",16,"[32, 16]",0.001,0.00743971043266356,0.00695481151342392,3486833
466,"[128, 256, 512]",32,"[32, 16]",0.0001,0.007134740531910211,0.006357525009661913,3487361
467,"[128, 256, 512]",32,"[32, 16]",0.001,0.007100968738086522,0.006326210219413042,3487361
468,"[2, 4]",8,[],0.0001,0.006125068757683039,0.005847604013979435,4549
469,"[2, 4]",8,[],0.001,0.0061412761569954455,0.005843597464263439,4549
470,"[2, 4]",16,[],0.0001,0.00532254041172564,0.0048787035048007965,8653
471,"[2, 4]",16,[],0.001,0.005299028242006898,0.00486784940585494,8653
472,"[2, 4]",32,[],0.0001,0.004671923350542784,0.0040552313439548016,16861
473,"[2, 4]",32,[],0.001,0.004673789371736348,0.004064209293574095,16861
474,"[2, 4]",8,[16],0.0001,0.007171357807237655,0.006438263226300478,8933
475,"[2, 4]",8,[16],0.001,0.0074974968447349966,0.007031130604445934,8933
476,"[2, 4]",16,[16],0.0001,0.007147584517952055,0.006421777885407209,9197
477,"[2, 4]",16,[16],0.001,0.0071473182761110365,0.006445832084864378,9197
478,"[2, 4]",32,[16],0.0001,0.007145731244236231,0.006451861467212439,9725
479,"[2, 4]",32,[16],0.001,0.007135461259167641,0.006454950664192438,9725
480,"[2, 4]",8,[32],0.0001,0.006759066018275917,0.0061646923422813416,17413
481,"[2, 4]",8,[32],0.001,0.00675572274485603,0.006171050947159529,17413
482,"[2, 4]",16,[32],0.0001,0.006675665674265474,0.006030871532857418,17933
483,"[2, 4]",16,[32],0.001,0.006773746688850224,0.00617972994223237,17933
484,"[2, 4]",32,[32],0.0001,0.006743183126673102,0.0061797830276191235,18973
485,"[2, 4]",32,[32],0.001,0.0067586961085908115,0.006182617507874966,18973
486,"[2, 4]",8,[64],0.0001,0.006396548415068537,0.005852696485817432,34373
487,"[2, 4]",8,[64],0.001,0.00640017626574263,0.005842737387865782,34373
488,"[2, 4]",16,[64],0.0001,0.006280755857005715,0.005684960633516312,35405
489,"[2, 4]",16,[64],0.001,0.006417467084247619,0.005853240378201008,35405
490,"[2, 4]",32,[64],0.0001,0.006292099482379854,0.005677555222064257,37469
491,"[2, 4]",32,[64],0.001,0.006430458801332861,0.005852564238011837,37469
492,"[2, 4]",8,"[64, 32]",0.0001,0.009267146233469248,0.009401668794453144,38021
493,"[2, 4]",8,"[64, 32]",0.001,0.009838275611400604,0.010127587243914604,38021
494,"[2, 4]",16,"[64, 32]",0.0001,0.009842218714766204,0.010130754671990871,38541
495,"[2, 4]",16,"[64, 32]",0.001,0.009856686927378178,0.010122202336788177,38541
496,"[2, 4]",32,"[64, 32]",0.0001,0.009839178761467338,0.010132458060979843,39581
497,"[2, 4]",32,"[64, 32]",0.001,0.009846601285971701,0.01012704148888588,39581
498,"[2, 4]",8,"[32, 16]",0.0001,0.009870798676274717,0.010140848346054554,18213
499,"[2, 4]",8,"[32, 16]",0.001,0.009869604837149382,0.01013814564794302,18213
500,"[2, 4]",16,"[32, 16]",0.0001,0.00987091101706028,0.010139538906514645,18477
501,"[2, 4]",16,"[32, 16]",0.001,0.009851458482444286,0.010136965662240982,18477
502,"[2, 4]",32,"[32, 16]",0.0001,0.009864385472610593,0.010139255784451962,19005
503,"[2, 4]",32,"[32, 16]",0.001,0.009877055301330984,0.010137124918401241,19005
504,"[3, 9]",8,[],0.0001,0.005866091581992805,0.00570203410461545,10356
505,"[3, 9]",8,[],0.001,0.005867632222361863,0.005705443676561117,10356
506,"[3, 9]",16,[],0.0001,0.004924165375996381,0.004677995573729277,19580
507,"[3, 9]",16,[],0.001,0.00496463937452063,0.004686605650931597,19580
508,"[3, 9]",32,[],0.0001,0.004171197360847145,0.003795542987063527,38028
509,"[3, 9]",32,[],0.001,0.0041538548248354346,0.0037982321809977293,38028
510,"[3, 9]",8,[16],0.0001,0.006962010578718036,0.006366101559251547,19860
511,"[3, 9]",8,[16],0.001,0.006943169864825904,0.006361014675348997,19860
512,"[3, 9]",16,[16],0.0001,0.006993246148340404,0.006379908882081509,20124
513,"[3, 9]",16,[16],0.001,0.006963218038436025,0.006363485474139452,20124
514,"[3, 9]",32,[16],0.0001,0.006988970737438649,0.006381507962942123,20652
515,"[3, 9]",32,[16],0.001,0.006931971351150423,0.006352532655000687,20652
516,"[3, 9]",8,[32],0.0001,0.006438486278057098,0.005949497688561678,38580
517,"[3, 9]",8,[32],0.001,0.006436579045839608,0.005943629890680313,38580
518,"[3, 9]",16,[32],0.0001,0.006295071041677147,0.00576763553544879,39100
519,"[3, 9]",16,[32],0.001,0.0063330361153930426,0.005795636679977179,39100
520,"[3, 9]",32,[32],0.0001,0.006322469096630812,0.0057792202569544315,40140
521,"[3, 9]",32,[32],0.001,0.006261031550820917,0.005700919311493635,40140
522,"[3, 9]",8,[64],0.0001,0.006160489749163389,0.0057823872193694115,76020
523,"[3, 9]",8,[64],0.001,0.0061637479811906815,0.005791776813566685,76020
524,"[3, 9]",16,[64],0.0001,0.005581480101682246,0.005015233065932989,77052
525,"[3, 9]",16,[64],0.001,0.00564109196420759,0.005108718294650316,77052
526,"[3, 9]",32,[64],0.0001,0.005567699379753321,0.005020600743591785,79116
527,"[3, 9]",32,[64],0.001,0.005594750226009637,0.005026360973715782,79116
528,"[3, 9]",8,"[64, 32]",0.0001,0.008084651315584779,0.008011402562260628,79668
529,"[3, 9]",8,"[64, 32]",0.001,0.007619941025041044,0.0073504019528627396,79668
530,"[3, 9]",16,"[64, 32]",0.0001,0.008625298389233649,0.008633810095489025,80188
531,"[3, 9]",16,"[64, 32]",0.001,0.008076852944213897,0.008015315979719162,80188
532,"[3, 9]",32,"[64, 32]",0.0001,0.008602098328992724,0.00864027813076973,81228
533,"[3, 9]",32,"[64, 32]",0.001,0.008096539473626763,0.008014198392629623,81228
534,"[3, 9]",8,"[32, 16]",0.0001,0.008761854725889862,0.008700573816895485,39380
535,"[3, 9]",8,"[32, 16]",0.001,0.008302272181026638,0.008113008923828602,39380
536,"[3, 9]",16,"[32, 16]",0.0001,0.00882651621941477,0.008706835098564625,39644
537,"[3, 9]",16,"[32, 16]",0.001,0.008317421423271298,0.008110424503684044,39644
538,"[3, 9]",32,"[32, 16]",0.0001,0.008735790732316673,0.008705834858119488,40172
539,"[3, 9]",32,"[32, 16]",0.001,0.008745151106268167,0.008703756146132946,40172
540,"[512, 1024]",8,"[64, 32]",0.0001,0.006310371041763574,0.00588657520711422,17907401
541,"[512, 1024]",8,"[64, 32]",0.001,0.006466269493103027,0.006067269016057253,17907401
542,"[512, 1024]",16,"[64, 32]",0.0001,0.006201453390531242,0.005656301509588957,17907921
543,"[512, 1024]",16,"[64, 32]",0.001,0.006396745448000729,0.0059147984720766544,17907921
544,"[512, 1024]",32,"[64, 32]",0.0001,0.006177039409521967,0.005574216600507498,17908961
545,"[512, 1024]",32,"[64, 32]",0.001,0.010874096769839525,0.011328944005072117,17908961
546,"[512, 1024]",8,"[32, 16]",0.0001,0.007404429896268994,0.006970239337533712,13709673
547,"[512, 1024]",8,"[32, 16]",0.001,0.010858821799047291,0.011281346902251244,13709673
548,"[512, 1024]",16,"[32, 16]",0.0001,0.007092121115420014,0.006369337439537048,13709937
549,"[512, 1024]",16,"[32, 16]",0.001,0.007412218663375825,0.006949158385396004,13709937
550,"[512, 1024]",32,"[32, 16]",0.0001,0.007010096567682922,0.00635746493935585,13710465
551,"[512, 1024]",32,"[32, 16]",0.001,0.0070537233259528875,0.00637402618303895,13710465
552,"[512, 1024]",8,[],0.0001,0.005411038000602275,0.005551542621105909,10562569
553,"[512, 1024]",8,[],0.001,0.0054162273881956935,0.005553842056542635,10562569
554,"[512, 1024]",16,[],0.0001,0.004343208333011717,0.004475966561585665,11611153
555,"[512, 1024]",16,[],0.001,0.004333384276833385,0.004476890899240971,11611153
556,"[512, 1024]",32,[],0.0001,0.0033594071574043483,0.0035313288681209087,13708321
557,"[512, 1024]",32,[],0.001,0.0033626331423874944,0.0035331796389073133,13708321
558,"[512, 1024]",8,[16],0.0001,0.00651687674690038,0.00614518066868186,11611433
559,"[512, 1024]",8,[16],0.001,0.0066194741521030664,0.00624041585251689,11611433
560,"[512, 1024]",16,[16],0.0001,0.006538429413922131,0.005983227398246527,11611697
561,"[512, 1024]",16,[16],0.001,0.006514731212519109,0.006013562437146902,11611697
562,"[512, 1024]",32,[16],0.0001,0.0065524582751095295,0.006030924152582884,11612225
563,"[512, 1024]",32,[16],0.001,0.006551259837578982,0.006019075866788626,11612225
564,"[512, 1024]",8,[32],0.0001,0.006086642853915691,0.005891513079404831,13708873
565,"[512, 1024]",8,[32],0.001,0.006087474583182484,0.005893423222005367,13708873
566,"[512, 1024]",16,[32],0.0001,0.005591211898718029,0.0051843589171767235,13709393
567,"[512, 1024]",16,[32],0.001,0.005675371503457427,0.00522933853790164,13709393
568,"[512, 1024]",32,[32],0.0001,0.005469935480505228,0.00502102030441165,13710433
569,"[512, 1024]",32,[32],0.001,0.005516025586985052,0.005054954439401627,13710433
570,"[512, 1024]",8,[64],0.0001,0.00575370853766799,0.005711234640330076,17903753
571,"[512, 1024]",8,[64],0.001,0.010880302754230797,0.011328672058880329,17903753
572,"[512, 1024]",16,[64],0.0001,0.005036143178585917,0.004817088134586811,17904785
573,"[512, 1024]",16,[64],0.001,0.0051014990895055234,0.004851602483540773,17904785
574,"[512, 1024]",32,[64],0.0001,0.004621832747943699,0.004260929301381111,17906849
575,"[512, 1024]",32,[64],0.001,0.004762625438161194,0.004377652425318956,17906849
576,"[1024, 2048]",8,[],0.0001,0.005403829680290073,0.005552682559937239,39999497
577,"[1024, 2048]",8,[],0.001,0.005393282859586179,0.005551178473979235,39999497
578,"[1024, 2048]",16,[],0.0001,0.004359313810709864,0.004480415489524603,42096657
579,"[1024, 2048]",16,[],0.001,0.004328346985857934,0.004473478998988867,42096657
580,"[1024, 2048]",32,[],0.0001,0.0033559606526978314,0.003532841568812728,46290977
581,"[1024, 2048]",32,[],0.001,0.003355553897563368,0.003530713962391019,46290977
582,"[1024, 2048]",8,[16],0.0001,0.0066722301999107,0.006282567046582699,42096937
583,"[1024, 2048]",8,[16],0.001,0.006570382276549935,0.0062454622238874435,42096937
584,"[1024, 2048]",16,[16],0.0001,0.006490790518000722,0.005997260566800833,42097201
585,"[1024, 2048]",16,[16],0.001,0.006602775421924889,0.00616970332339406,42097201
586,"[1024, 2048]",32,[16],0.0001,0.006696504715364426,0.006255027838051319,42097729
587,"[1024, 2048]",32,[16],0.001,0.006614059268031269,0.006255049724131823,42097729
588,"[1024, 2048]",8,[32],0.0001,0.006078057282138616,0.00588705250993371,46291529
589,"[1024, 2048]",8,[32],0.001,0.0060977814719080925,0.005878946278244257,46291529
590,"[1024, 2048]",16,[32],0.0001,0.005780114443041384,0.005251412745565176,46292049
591,"[1024, 2048]",16,[32],0.001,0.005706236232072115,0.005352766253054142,46292049
592,"[1024, 2048]",32,[32],0.0001,0.0056655670632608235,0.005114365369081497,46293089
593,"[1024, 2048]",32,[32],0.001,0.005594970192760229,0.005173009354621172,46293089
594,"[1024, 2048]",8,[64],0.0001,0.005889941938221455,0.005809578113257885,54680713
595,"[1024, 2048]",8,[64],0.001,0.005830298527143896,0.005753784440457821,54680713
596,"[1024, 2048]",16,[64],0.0001,0.005118262022733688,0.004876425024122,54681745
597,"[1024, 2048]",16,[64],0.001,0.005019222036935389,0.004803520627319813,54681745
598,"[1024, 2048]",32,[64],0.0001,0.01902472577057779,0.009167395532131195,54683809
599,"[1024, 2048]",32,[64],0.001,0.004864219110459089,0.004536817781627178,54683809
